CODICE_VOLANTINO,ART_COD,FORECAST
23MB,APLIPHONE12128B,354.5178751505341
23NB,APLIPHONE12128B,655.3826770189957
23MC,APLIPHONE12128B,566.9396110282348
23MB,APLIPHONE12128GR,208.55464147897234
23MC,APLIPHONE12128GR,161.56838839590682
23MB,APLIPHONE12128RED,217.14674702501614
23MC,APLIPHONE12128RED,169.32408788769283
23MD,APLIPHONE13128B,290.29610410305827
23MA,APLIPHONE13128B,217.5827555589525
23NC,APLIPHONE13128B,344.82190029620926
23MD,APLIPHONE13128GR,217.46371941507698
23MA,APLIPHONE13128GR,120.65632754367022
23NC,APLIPHONE13128GR,322.91324484404106
23MD,APLIPHONE13128RED,221.07273376913315
23MA,APLIPHONE13128RED,135.5635579329698
23NC,APLIPHONE13128RED,327.75431135598706
23MB,APLIPHONE14128,1454.810484811479
23NB,APLIPHONE14128,1829.5434164386338
23MB,APLIPHONE14128P,400.34359092294096
23NB,APLIPHONE14128P,731.3131347779617
23MB,APLIPHONE14128W,720.6022807387332
23NB,APLIPHONE14128W,970.7378976081769
23MA,APLIPHONE14PLUS128,522.7796045180438
23MA,APLIPHONE14PLUS128RE,126.17345479318993
23MA,APLIPHONE14PLUS128Y,80.55757453926668
23MA,APLIPHONE15128,767.0211833460165
23NA,APLIPHONE15128,887.9363122694522
23NC,APLIPHONE15128,1156.2470315733435
23MC,APLIPHONE15128,1010.5550019256441
23MA,APLIPHONE15128P,283.54872418491794
23NA,APLIPHONE15128P,320.39332196814496
23NC,APLIPHONE15128P,488.7864695628165
23MC,APLIPHONE15128P,349.11128224478944
23MB,APLIPHONE15256,679.1757265938993
23MA,APLIPHONE15256,499.3615387896495
23NA,APLIPHONE15256,615.6479682425118
23MC,APLIPHONE15256,572.4416188197222
23MB,APLIPHONE15256P,279.3242057000018
23MA,APLIPHONE15256P,107.18016798785459
23NA,APLIPHONE15256P,240.8091168290779
23MC,APLIPHONE15256P,178.15434878436713
23MD,APLIPHONE15PMAX256,486.249664802673
23MA,APLIPHONE15PMAX256,358.3917881296255
23NC,APLIPHONE15PMAX256,448.4815331385111
23NB,APLIPHONE15PRO128B,377.86821985983187
23MC,APLIPHONE15PRO128B,227.70179994398768
23NB,APLIPHONE15PRO128N,313.8508875257711
23MC,APLIPHONE15PRO128N,144.31591546777486
23NB,APLIPHONE15PRO128W,254.36564492274235
23MC,APLIPHONE15PRO128W,83.45748205654007
23NA,APLIPHONE15PRO256,415.07130024158454
23NB,GGOPIXEL7A,660.1927499154406
23NC,GGOPIXEL7A,621.3993914723218
23MC,GGOPIXEL7A,406.09718252607354
23NB,GGOPIXEL7AW,299.88663693963633
23NC,GGOPIXEL7AW,260.76306593685274
23MC,GGOPIXEL7AW,76.33413091031207
23MB,GGOPIXEL8128G,0.0
23MA,GGOPIXEL8128G,0.0
23NA,GGOPIXEL8128G,0.0
23MA,GGOPIXEL8256,0.0
23MA,GGOPIXEL8256P,0.0
23MD,GGOPIXEL8PRO128,25.859666211392096
23MA,GGOPIXEL8PRO128,0.0
23NC,GGOPIXEL8PRO128,0.0
23MA,GGOPIXEL8PRO256B,0.0
23MA,GGOPIXEL8PRO256W,0.0
23NB,H3G12LITEGR,267.355673314226
23NA,H3G12LITEGR,111.71588075564756
23MC,H3G12LITEGR,132.63140774890132
23MD,H3GREDMIA2B,306.2547589470681
23NC,H3GREDMIA2B,304.1720324353266
23NB,H3GS23ULTRA256,0.0
23MC,H3GS23ULTRA256,0.0
23MA,H3GSAMA1464G,264.94226745206987
23NA,H3GSAMA1464G,326.400663297259
23NC,H3GSAMA1464G,421.00166728943435
23MC,H3GSAMA1464G,295.7958487644128
23MA,H3GSAMA1464S,341.6001851407648
23NA,H3GSAMA1464S,353.72328100141203
23NC,H3GSAMA1464S,443.95061598354954
23MC,H3GSAMA1464S,372.3382450595668
23MD,HOR708256GR,26.223632715198733
23MD,HOR90LITE8256,834.7379632424847
23NB,HOR90LITE8256,889.030220280436
23MD,HORX6A4128,754.2474255818904
23MA,HORX6A4128,683.582774108077
23NC,HORX6A4128,946.8035205281128
23MC,HORX6A4128,777.2517820816026
23MB,HORX8A,992.1997510114752
23NA,HORX8A,831.6170858462069
23NC,HORX8A,971.4570672462249
23MB,HORX8AS,820.0375428951717
23NA,HORX8AS,655.8671580588386
23NC,HORX8AS,821.9288033704042
23MD,MOTE13,1056.3301082325147
23NB,MOTE13,1047.4383604522122
23MA,MOTE13,870.3956054687204
23NA,MOTE13,978.9150897510817
23NC,MOTE13,832.8137006942798
23MC,MOTE13,951.88367996007
23MD,MOTE13W,313.6781751904206
23NB,MOTE13W,426.4321148232227
23MA,MOTE13W,216.23839251779148
23NA,MOTE13W,269.5647966900141
23NC,MOTE13W,339.5456048628062
23MC,MOTE13W,260.0422122189997
23NB,MOTEDGE40NEO5G256,468.9438644190891
23NA,MOTEDGE40NEO5G256,238.5318743237173
23NC,MOTEDGE40NEO5G256,404.5459116828826
23MC,MOTEDGE40NEO5G256,201.6878123448636
23MB,MOTG144128B,465.5399514587812
23MD,MOTG144128B,507.3840514967025
23NB,MOTG144128B,708.4583012452023
23NA,MOTG144128B,471.0739601938294
23NC,MOTG144128B,727.97909715065
23MC,MOTG144128B,434.6870787477763
23MC,MOTG23,719.8930329453055
23MC,MOTG23W,163.72271225778212
23MD,MOTG328256G,1997.8827744189334
23NB,MOTG328256G,2178.3547479702843
23MA,MOTG328256G,2159.483303072826
23NA,MOTG328256G,2041.7008680893096
23NC,MOTG328256G,1879.1935062880448
23MC,MOTG328256G,2362.8251693540146
23MD,MOTG845G12256,284.8022797983597
23NB,MOTG845G12256,479.7689209931614
23NA,MOTG845G12256,260.96672888472347
23NC,MOTG845G12256,514.5796143838359
23MB,MOTG855G12256,190.3559965041832
23MD,MOTRAZR40L,0.0
23NB,MOTRAZR40L,131.9198355081234
23NA,MOTRAZR40L,0.0
23NC,MOTRAZR40L,0.0
23MD,MOTRAZR40ULTRA256M,0.0
23NB,MOTRAZR40ULTRA256M,0.0
23NA,MOTRAZR40ULTRA256M,0.0
23NC,MOTRAZR40ULTRA256M,0.0
23MD,MOTRAZR40ULTRA256S,0.0
23NB,MOTRAZR40ULTRA256S,0.0
23NA,MOTRAZR40ULTRA256S,0.0
23NC,MOTRAZR40ULTRA256S,0.0
23MB,OMNA53EE,909.6519890684021
23NA,OMNA53EE,832.1599449896507
23NB,OMNS23ULTRA256,142.51339050823947
23MC,OMNS23ULTRA256,0.0
23NA,OOPA38G,287.27834042983966
23NC,OOPA38G,401.8461992693723
23MC,OOPA38G,200.27841279565098
23MA,OOPA785G8128,469.6828017080992
23NA,OOPA785G8128,507.0527481547907
23NC,OOPA785G8128,588.5922049925516
23MA,OOPA785G8128B,129.91745315183925
23NA,OOPA785G8128B,169.3914315599999
23NC,OOPA785G8128B,264.8325303337608
23NC,OOPA96,487.4954780663278
23NC,OOPA96B,210.5483341897493
23MB,OOPA985G,411.0822980191315
23MD,OOPA985G,463.0709954407489
23NB,OOPA985G,692.1925479372499
23MA,OOPA985G,289.45600720045803
23NC,OOPA985G,572.8355461718029
23MB,OOPA985GB,170.65623659651618
23MD,OOPA985GB,182.6909870295877
23NB,OOPA985GB,362.022740879567
23MA,OOPA985GB,61.83044392055626
23NC,OOPA985GB,283.3567517197964
23NC,OOPFINDX5LITE,294.29063137590254
23NC,OOPFINDX5LITEB,190.10451573331804
23MD,OOPRENO10B,245.1477460138784
23NA,OOPRENO10B,227.63309945869142
23NC,OOPRENO10B,310.6105100635495
23NC,OOPRENO10PROS,48.05221444852833
23MD,OOPRENO10S,207.4542771690026
23NA,OOPRENO10S,163.92828145366275
23NC,OOPRENO10S,220.7261970247777
23NC,OPLNORDCE3LIT5G8128,277.9303832718294
23NC,OPLNORDCE3LIT5G8128L,376.0228935505372
23MB,RME115G8256,249.6222300349526
23MD,RME115G8256,346.12117814550936
23NC,RME115G8256,449.6550474712681
23MD,RME11PRO8256,137.1925612134945
23NC,RME11PRO8256,373.0817266444189
23NB,RME11PROPLUS12512W,198.44506862332042
23NC,RME11PROPLUS12512W,116.4087421170837
23MA,RMEC514128,523.5198646128581
23NA,RMEC514128,692.1613627193613
23NC,RMEC514128,850.4003688527062
23MC,RMEC514128,638.7608419180171
23MA,RMEC514128W,154.94350443895274
23NA,RMEC514128W,273.14400147181857
23NC,RMEC514128W,371.7887568069417
23MC,RMEC514128W,235.47706154654395
23MB,RMEC536128,956.3840959246126
23MD,RMEC536128,942.4554985043482
23NB,RMEC536128,1039.7092392992417
23NC,RMEC536128,954.0955724843606
23MB,RMEC536128G,295.08197686419936
23MD,RMEC536128G,391.0915933251957
23NB,RMEC536128G,564.3779821572256
23NC,RMEC536128G,462.7863154764626
23NA,RMEC55,773.9839264504982
23MC,RMEC55,622.1128638837248
23NA,RMEC55128,597.5444729306851
23MC,RMEC55128,444.883644930711
23NA,RMEC55W,293.3211057288581
23MC,RMEC55W,424.0040439452206
23MA,RMEME10,702.7356391811816
23MA,RMEME10W,78.89521970508844
23MD,SAMA04S,1874.445733000352
23NA,SAMA04S,2260.4780311813693
23MD,SAMA04SG,463.50648519265627
23NA,SAMA04SG,436.18601143792057
23MD,SAMA04SW,462.7552878637958
23NA,SAMA04SW,435.4747971844023
23MB,SAMA14128,2704.0114411479112
23MD,SAMA14128,2891.3637079445225
23NB,SAMA14128,2992.5048490592617
23MB,SAMA14128G,1785.0479637252324
23MD,SAMA14128G,1984.0337749922282
23NB,SAMA14128G,1864.9422047775752
23MB,SAMA14128S,1403.4161531791553
23MD,SAMA14128S,1866.6703655976453
23NB,SAMA14128S,1970.2056755448552
23MB,SAMA23,919.3220271643228
23NB,SAMA23,868.047971593841
23MC,SAMA23,754.1263296394526
23MB,SAMA23B,467.85610051317553
23NB,SAMA23B,659.3333484747641
23MC,SAMA23B,368.98788718205793
23MB,SAMA23W,451.1432153379559
23NB,SAMA23W,620.6366073325235
23MC,SAMA23W,360.836765104303
23NC,SAMA34128,907.3802847905658
23MC,SAMA34128,691.2147662432226
23NC,SAMA34128G,462.60932953783686
23MC,SAMA34128G,394.399890561922
23NC,SAMA34128S,528.1099323154444
23MC,SAMA34128S,384.85487493702664
23NC,SAMA34128V,615.6751261328111
23MC,SAMA34128V,492.97364591743843
23MA,SAMA53BL,385.3554757607662
23MA,SAMA53W,193.73858494506305
23MA,SAMA54128,672.7958083026854
23NA,SAMA54128,882.3232571538238
23NC,SAMA54128,1006.5146050631103
23MC,SAMA54128,722.1773303785653
23MA,SAMA54128G,238.9106971475963
23NA,SAMA54128G,392.19719272634785
23NC,SAMA54128G,473.4763829420396
23MC,SAMA54128G,296.5487586402697
23MA,SAMA54128V,350.08730688943376
23NA,SAMA54128V,404.65879867931073
23NC,SAMA54128V,565.7971054455278
23MC,SAMA54128V,353.41307177254663
23MA,SAMA54128W,283.44899700083926
23NA,SAMA54128W,417.8308778847773
23NC,SAMA54128W,484.3098989394018
23MC,SAMA54128W,346.8868403937894
23NB,SAMF721128,431.70781428435004
23NB,SAMF721128V,216.8469929937508
23MA,SAMFLIP5256G,0.0
23NA,SAMFLIP5256G,21.78323099009117
23NC,SAMFLIP5256G,140.7139675191571
23MA,SAMFLIP5256L,0.0
23NA,SAMFLIP5256L,2.2132047328729527
23NC,SAMFLIP5256L,123.40374111716721
23MA,SAMFLIP5512G,0.0
23MC,SAMFLIP5512G,0.0
23MA,SAMFLIP5512L,0.0
23MC,SAMFLIP5512L,0.0
23MB,SAMFOLD5256B,0.0
23MD,SAMG990,202.63539741856127
23MD,SAMG990G,202.53959018138613
23MD,SAMG990L,202.53951850461291
23MD,SAMG990W,202.76381161770897
23MB,SAMS23256,544.3271613430306
23NC,SAMS23256,699.5616589230143
23MB,SAMS23256G,137.85072273747568
23NC,SAMS23256G,296.3287737285647
23MB,SAMS23256P,110.3823097901141
23NC,SAMS23256P,244.8466156234595
23MB,SAMS23256W,80.69125812278673
23NC,SAMS23256W,184.78655839377421
23NC,SAMS23FE128,109.05626043975684
23NC,SAMS23FE128CR,0.0
23MD,SAMS23PLUS256,403.55117640255384
23MD,SAMS23PLUS256G,100.01212235725063
23MD,SAMS23PLUS256P,59.18855487367847
23MD,TCL40NXTPAPER,335.43355536761425
23NB,TCL40NXTPAPER,484.558152104696
23MC,TCL40NXTPAPER,267.54522792693706
23MD,TCL40NXTPAPERO,167.4050916741797
23NB,TCL40NXTPAPERO,279.8294367348
23MC,TCL40NXTPAPERO,101.73345284953513
23MB,TCL40SE,499.6516236956154
23MD,TCL40SE,508.40783306373925
23NA,TCL40SE,468.7443996777639
23NC,TCL40SE,555.5831455359167
23MA,TIMA1464G,536.1052435094219
23NA,TIMA1464G,492.92749599337077
23NC,TIMA1464G,556.571175692615
23MC,TIMA1464G,573.2181594024897
23MA,TIMS23128,0.0
23NB,TIMS23ULTRA256,0.0
23MC,TIMS23ULTRA256,0.0
23NB,XIA12LITE,233.63322790082088
23NA,XIA12LITE,76.81640598290556
23NB,XIA12LITEP,222.40749493632455
23NA,XIA12LITEP,65.72517687114367
23NA,XIA13T8256B,25.514278212886495
23NC,XIA13T8256B,115.86743223459473
23NA,XIA13TPRO12512,279.65465327401307
23NA,XIA13TPRO12512G,0.0
23NB,XIAREDMI128256,1508.4660336276752
23MA,XIAREDMI128256,1170.5307339971655
23NA,XIAREDMI128256,1275.9347949869646
23NC,XIAREDMI128256,1523.019218632146
23MC,XIAREDMI128256,1226.0092370348952
23MA,XIAREDMI12C,711.1614032276545
23NB,XIAREDMI12C128B,804.5528528726695
23NA,XIAREDMI12C128B,853.1525660725657
23NC,XIAREDMI12C128B,733.8574801158926
23MC,XIAREDMI12C128B,703.3199647789011
23MA,XIAREDMI12CP,0.0
23NC,XIAREDMI13C128B,109.05509827288739
23MD,XIAREDMIA2,371.88415316155954
23NC,XIAREDMIA2,710.9877432800919
23MD,XIAREDMIA2GR,87.25469451011088
23NB,XIAREDMINOTE11PRO+B,282.81716816513546
23MD,XIAREDMINOTE11ST,311.83003728703255
23MB,XIAREDMINOTE12256B,923.8358445390829
23NB,XIAREDMINOTE12256B,680.8647976575357
23MB,XIAREDMINOTE12256G,1097.5082595786591
23NB,XIAREDMINOTE12256G,1434.5637834513095
23MB,XIAREDMINOTE12256M,359.3244049473971
23NB,XIAREDMINOTE12256M,514.1626803268327
23MB,XIAREDMINOTE12PRO+B,247.8108486692909
23MD,XIAREDMINOTE12PRO+B,240.82082580196553
23NB,XIAREDMINOTE12PRO+B,288.74765485618116
23MA,XIAREDMINOTE12PRO+B,161.1497828184867
23NC,XIAREDMINOTE12PRO+B,206.11671159968063
23MB,XIAREDMINOTE12PRO+W,371.5103729147281
23MD,XIAREDMINOTE12PRO+W,366.9641103994296
23NB,XIAREDMINOTE12PRO+W,420.8610196164776
23MA,XIAREDMINOTE12PRO+W,298.3737414422561
23NC,XIAREDMINOTE12PRO+W,350.762172177199
23MB,XIAREDMINOTE12PRO4GW,0.0
23MD,XIAREDMINOTE12PRO4GW,6.218567058708288
23NC,XIAREDMINOTE12PRO4GW,82.39501702459927
23MD,XIAREDMINOTE12PROB,322.3418492694118
23NB,XIAREDMINOTE12PROB,398.14238793869987
23NC,XIAREDMINOTE12PROB,303.36717212907286
23MD,XIAREDMINOTE12PROW,184.41484858265068
23NB,XIAREDMINOTE12PROW,268.5171000036181
23NC,XIAREDMINOTE12PROW,190.70116612924846
23NA,XIARENOTE12PRO256,987.0801970738804
23NC,XIARENOTE12PRO256,1014.191701303317
23MC,XIARENOTE12PRO256,1035.743533259358
23MD,APLIPHONE11128,956.6147600562276
23MD,APLIPHONE11128W,669.8547879919951
23MB,APLIPHONE12128,422.0216283993145
23NB,APLIPHONE12128,793.8731153627887
23MC,APLIPHONE12128,178.8627478002793
23MB,APLIPHONE12128P,208.3592444131218
23MC,APLIPHONE12128P,161.41706512991738
23MB,APLIPHONE12128W,230.1231704483579
23NB,APLIPHONE12128W,517.2888715912604
23MC,APLIPHONE12128W,179.58497124840653
23MD,APLIPHONE13128,687.9262620951754
23MA,APLIPHONE13128,680.3024559117887
23NC,APLIPHONE13128,601.0584822593263
23MD,APLIPHONE13128P,189.33250358612028
23MA,APLIPHONE13128P,103.69404548621753
23NC,APLIPHONE13128P,314.76297621191645
23MD,APLIPHONE13128W,469.79525420228947
23MA,APLIPHONE13128W,357.42766184976347
23NC,APLIPHONE13128W,575.9918564919311
23MB,APLIPHONE14128B,926.252230453217
23NB,APLIPHONE14128B,1245.1475854209068
23MB,APLIPHONE14128RED,311.4253549613616
23NB,APLIPHONE14128RED,512.7294591461433
23MB,APLIPHONE14128Y,158.06340824377276
23NB,APLIPHONE14128Y,377.4107156458785
23MA,APLIPHONE14PLUS128B,173.71670446325626
23MA,APLIPHONE14PLUS128P,82.71358227094294
23MA,APLIPHONE14PLUS128W,168.4945137922521
23MA,APLIPHONE15128B,461.8743575664094
23NA,APLIPHONE15128B,613.0793264114154
23NC,APLIPHONE15128B,840.8750663191088
23MC,APLIPHONE15128B,659.0024458696089
23MA,APLIPHONE15128GR,236.3845036885701
23NA,APLIPHONE15128GR,403.7850166387321
23NC,APLIPHONE15128GR,582.216162404522
23MC,APLIPHONE15128GR,341.57505217252213
23MA,APLIPHONE15128Y,102.76105820513345
23NA,APLIPHONE15128Y,227.43808586835507
23NC,APLIPHONE15128Y,351.2285285732137
23MC,APLIPHONE15128Y,153.29431490552128
23MB,APLIPHONE15256B,413.04933151084833
23MA,APLIPHONE15256B,217.0183690344229
23NA,APLIPHONE15256B,356.5036155138982
23MC,APLIPHONE15256B,314.41627573157064
23MB,APLIPHONE15256GR,260.87258587460803
23MA,APLIPHONE15256GR,84.74516307948261
23NA,APLIPHONE15256GR,221.21900867770017
23MC,APLIPHONE15256GR,148.52006511642955
23MB,APLIPHONE15256Y,187.3710628029916
23MA,APLIPHONE15256Y,17.142718906631217
23NA,APLIPHONE15256Y,143.9031615522848
23MC,APLIPHONE15256Y,65.99221043754312
23MD,APLIPHONE15PMAX256B,355.44675845535994
23MA,APLIPHONE15PMAX256B,206.86712042060432
23NC,APLIPHONE15PMAX256B,770.7087560415421
23MD,APLIPHONE15PMAX256N,187.97753711520645
23MA,APLIPHONE15PMAX256N,102.05449526588097
23NC,APLIPHONE15PMAX256N,504.94867697817597
23MD,APLIPHONE15PMAX256W,137.6509408396363
23MA,APLIPHONE15PMAX256W,81.25461227425251
23NC,APLIPHONE15PMAX256W,216.1486210397893
23NB,APLIPHONE15PRO128,570.2353418742282
23MC,APLIPHONE15PRO128,466.22025194454176
23NA,APLIPHONE15PRO256B,265.0485319038155
23NA,APLIPHONE15PRO256N,147.02049522161659
23NA,APLIPHONE15PRO256W,90.48975394308053
23NB,BRNAMICOSMARTPHONES+,403.6066909862451
23NC,BRNAMICOSMARTPHONES+,456.7112311854788
23NB,GGOPIXEL7AB,285.4067744288081
23NC,GGOPIXEL7AB,255.61552653160925
23MC,GGOPIXEL7AB,25.71338412064108
23MB,GGOPIXEL8128,119.06898604218429
23MA,GGOPIXEL8128,0.0
23NA,GGOPIXEL8128,146.7297163230156
23MB,GGOPIXEL8128P,0.0
23MA,GGOPIXEL8128P,0.0
23NA,GGOPIXEL8128P,0.0
23MA,GGOPIXEL8256G,0.0
23MD,GGOPIXEL8PRO128B,0.0
23MA,GGOPIXEL8PRO128B,0.0
23NC,GGOPIXEL8PRO128B,108.07143518234494
23MD,GGOPIXEL8PRO128W,0.0
23MA,GGOPIXEL8PRO128W,0.0
23NC,GGOPIXEL8PRO128W,0.0
23MA,GGOPIXEL8PRO256,0.0
23NB,H3G12LITE,495.1324828476348
23NA,H3G12LITE,343.40661804027786
23MC,H3G12LITE,363.99026818722973
23MD,H3GA04S,579.5245354130079
23NA,H3GA04S,364.31920429712807
23MB,H3GA23,449.5089700240722
23NB,H3GA23,588.6907507154776
23MC,H3GA23,398.67908283370014
23MD,H3GG990,219.77985941960648
23MD,H3GREDMIA2,587.7956526926197
23NC,H3GREDMIA2,396.4886900677744
23NA,H3GSAMA1464,372.6081730787623
23NC,H3GSAMA1464,454.86758301420844
23MC,H3GSAMA1464,584.1496267221041
23MD,HOR708256,192.5404165657096
23MD,HOR9012512,458.10668678928715
23NB,HOR9012512,583.3935155530564
23MA,HOR9012512,360.82147639530183
23NA,HOR9012512,421.56890461993453
23MC,HOR9012512,419.48510475731786
23MD,HOR9012512GR,211.08709233002472
23NB,HOR9012512GR,364.10148152440047
23MA,HOR9012512GR,123.92681756462679
23NA,HOR9012512GR,190.69174526908938
23MC,HOR9012512GR,172.71965612609617
23MD,HOR90LITE8256C,618.3014765309781
23NB,HOR90LITE8256C,703.8288422614078
23MD,HORMAGIC5PRO12256GR,0.0
23MB,HORX5PLUS464,1453.275311724441
23MD,HORX5PLUS464,1546.7632909693198
23NB,HORX5PLUS464,1603.1304046511373
23MA,HORX5PLUS464,1224.4557952189903
23NA,HORX5PLUS464,1425.067476590555
23NC,HORX5PLUS464,1586.1753450728497
23MD,HORX6A4128C,599.2369298470211
23NC,HORX6A4128C,792.429865213634
23MC,HORX6A4128C,603.6619656606375
23NA,HORX8AC,101.8074537630365
23NC,HORX8AC,191.2065240432588
23MD,MOTE13GR,994.9577140665358
23NB,MOTE13GR,1195.5100182007427
23MA,MOTE13GR,900.1923933472499
23NA,MOTE13GR,1047.294202848394
23NC,MOTE13GR,1169.849009515274
23MC,MOTE13GR,925.0387803763779
23MD,MOTEDGE30NEO256B,629.1796785739846
23NB,MOTEDGE30NEO256B,764.6864418032255
23NA,MOTEDGE30NEO256B,576.6170264706012
23NC,MOTEDGE30NEO256B,645.6608454065255
23MC,MOTEDGE30NEO256B,542.0143593485981
23MD,MOTEDGE30NEO256G,6.131672425229567
23NB,MOTEDGE30NEO256G,148.02618797505042
23NA,MOTEDGE30NEO256G,0.0
23NC,MOTEDGE30NEO256G,73.98072413617751
23MC,MOTEDGE30NEO256G,0.0
23MD,MOTEDGE40NEO5G256B,309.4955106945712
23NB,MOTEDGE40NEO5G256B,261.50471293889814
23NA,MOTEDGE40NEO5G256B,99.42183391028499
23NC,MOTEDGE40NEO5G256B,198.4576707136305
23MC,MOTEDGE40NEO5G256B,47.122619821405124
23MD,MOTEDGE40NEO5G256GR,62.21650371777878
23NB,MOTEDGE40NEO5G256GR,201.6630914585234
23NA,MOTEDGE40NEO5G256GR,37.92093976480652
23NC,MOTEDGE40NEO5G256GR,127.13517981795627
23MC,MOTEDGE40NEO5G256GR,0.0
23MB,MOTG144128,401.68010413070556
23MD,MOTG144128,553.5792571932437
23NB,MOTG144128,941.1580543876815
23NA,MOTG144128,541.1068896789832
23NC,MOTG144128,775.9768165229623
23MC,MOTG144128,417.51626354771855
23MD,MOTG328256S,46.4897314572342
23NB,MOTG328256S,188.38424700705505
23MA,MOTG328256S,0.0
23NA,MOTG328256S,24.932180143240032
23NC,MOTG328256S,114.38994182149315
23MC,MOTG328256S,0.0
23MD,MOTG845G12256R,93.46717892122655
23NB,MOTG845G12256R,343.1746430562662
23NA,MOTG845G12256R,69.39157658308687
23NC,MOTG845G12256R,342.6191338248423
23MD,MOTG845G12256W,93.46717892122655
23NB,MOTG845G12256W,289.4537535166666
23NA,MOTG845G12256W,69.39157658308687
23NC,MOTG845G12256W,229.34164268749112
23MB,MOTG855G12256R,0.0
23MB,MOTG855G12256W,0.0
23MD,MOTRAZR40G,114.33885119247606
23NA,MOTRAZR40G,89.64073739631175
23NC,MOTRAZR40G,178.77672623928814
23MD,MOTRAZR40ULTRA256,9.014407186699543
23NB,MOTRAZR40ULTRA256,151.02686569255448
23NA,MOTRAZR40ULTRA256,0.0
23NC,MOTRAZR40ULTRA256,76.86492873268617
23MD,MOTRAZR40W,0.0
23NB,MOTRAZR40W,133.11400499619856
23NA,MOTRAZR40W,0.0
23NC,MOTRAZR40W,0.0
23NB,OMN12LITE,301.99713849028484
23NA,OMN12LITE,146.01349840213925
23MC,OMN12LITE,167.4975303208295
23MD,OMNA04S,381.0456295350408
23NA,OMNA04S,355.32277805138705
23MA,OMNA1464,619.7885458910813
23NA,OMNA1464,748.4377583141188
23NC,OMNA1464,615.3754597685819
23MC,OMNA1464,526.7037210784029
23NC,OMNA1464S,119.1855713022577
23MB,OMNA23,294.38852016574174
23NB,OMNA23,424.4952053558332
23MC,OMNA23,243.05557059955032
23NB,OMNS23ULTRA256GR,0.0
23MC,OMNS23ULTRA256GR,0.0
23NA,OOPA38,477.6680197659023
23NC,OOPA38,675.4587461219622
23MC,OOPA38,386.36134417101545
23MD,OOPA584G6128,635.6109441795378
23NB,OOPA584G6128,824.4456405344704
23NC,OOPA584G6128,733.7694995742183
23MD,OOPA584G6128GR,231.0473971120317
23NB,OOPA584G6128GR,433.4765814756606
23NC,OOPA584G6128GR,369.55911029894116
23MB,OOPA784G8128,504.29196435667296
23NB,OOPA784G8128,665.7424732829513
23NC,OOPA784G8128,561.7785423999118
23MC,OOPA784G8128,460.28768574732965
23MB,OOPA784G8128GR,289.346260556685
23NB,OOPA784G8128GR,479.8802694539054
23NC,OOPA784G8128GR,390.6829850213727
23MC,OOPA784G8128GR,237.64384448627152
23NC,OOPRENO10PROP,238.04936050799503
23NC,OOPRENO8LITE5G,326.72947175988435
23NC,OOPRENO8T4G,443.32180095038194
23NC,OOPRENO8T4GO,254.27803972037833
23MB,RME115G8256G,58.28712915781949
23MD,RME115G8256G,95.11827299196199
23NC,RME115G8256G,157.36290499039032
23MD,RME11PRO8256W,265.53825015775715
23NC,RME11PRO8256W,133.31891960491737
23NB,RME11PROPLUS12512,394.5316858112443
23NC,RME11PROPLUS12512,308.14635498881375
23NA,RMEC55128WH,255.12178552336383
23MC,RMEC55128WH,404.86175303735183
23MD,SAMA34256,893.2877929033614
23NB,SAMA34256,1255.99576273005
23MA,SAMA34256,889.1276063442419
23MD,SAMA34256G,384.98274682354094
23NB,SAMA34256G,613.1502301559647
23MA,SAMA34256G,337.73419281186506
23MD,SAMA34256S,549.9803877258104
23NB,SAMA34256S,836.9389848992561
23MA,SAMA34256S,505.95436626392666
23MD,SAMA34256V,470.46564922421396
23NB,SAMA34256V,718.4891903392747
23MA,SAMA34256V,413.8875851593976
23NA,SAMA53EE,360.14865819858767
23MA,SAMA53NE,195.67619198765138
23MA,SAMA53OR,193.52369512513027
23MB,SAMA54256,1150.5127604029685
23NB,SAMA54256,1384.5139540097923
23MB,SAMA54256G,412.2885714160582
23NB,SAMA54256G,498.62488220414343
23MB,SAMA54256V,482.1658844771216
23NB,SAMA54256V,614.7537348131838
23MB,SAMA54256W,468.11077582563036
23NB,SAMA54256W,597.1734925242871
23NB,SAMF721128B,219.99582030994873
23NB,SAMF721128P,221.30093360857566
23MA,SAMFLIP5256,218.70137121048802
23NA,SAMFLIP5256,285.61949502470463
23NC,SAMFLIP5256,401.30820211819827
23MA,SAMFLIP5256C,0.0
23NA,SAMFLIP5256C,0.0
23NC,SAMFLIP5256C,108.07914129464785
23MA,SAMFLIP5512,234.14309718244309
23MC,SAMFLIP5512,240.2296466014519
23MA,SAMFLIP5512C,0.0
23MC,SAMFLIP5512C,0.0
23MB,SAMFOLD5256,25.086188395374165
23MB,SAMFOLD5256C,0.0
23MA,SAMS23128,436.3950299930057
23NA,SAMS23128,531.1832486507187
23MA,SAMS23128G,79.24663456023336
23NA,SAMS23128G,154.86275010063213
23MA,SAMS23128P,35.95265993389489
23NA,SAMS23128P,117.60396147081275
23MA,SAMS23128W,6.386849108591434
23NA,SAMS23128W,74.62031994714596
23MD,SAMS23PLUS256W,54.59774036436198
23NB,SAMS23ULTRA256,488.61549525488715
23NC,SAMS23ULTRA256,649.4317745993907
23MC,SAMS23ULTRA256,308.3344228874522
23NB,SAMS23ULTRA256G,377.83974398919463
23NC,SAMS23ULTRA256G,358.9838886698365
23MC,SAMS23ULTRA256G,240.94376025015487
23NB,SAMS23ULTRA256P,240.32565304102778
23NC,SAMS23ULTRA256P,209.3876552308349
23MC,SAMS23ULTRA256P,0.301034290936002
23NB,SAMS23ULTRA256W,238.0412562588914
23NC,SAMS23ULTRA256W,192.94780603408324
23MC,SAMS23ULTRA256W,60.61992577571766
23MB,TCL40SE128GB,443.52491978332637
23MD,TCL40SE128GB,258.51337137753745
23NC,TCL40SE128GB,499.9093062005269
23MB,TCL40SE128GBP,231.6661496886711
23MD,TCL40SE128GBP,438.44933929315175
23NC,TCL40SE128GBP,306.8026228878185
23MB,TCL40SEP,175.95151004980028
23MD,TCL40SEP,179.39736862213428
23NA,TCL40SEP,135.68135101235504
23NC,TCL40SEP,251.01831367852034
23MA,TIMA1464,926.7359609185767
23NA,TIMA1464,654.4096138538614
23NC,TIMA1464,887.7582620487051
23MC,TIMA1464,952.6685616968803
23MA,TIMA1464S,485.21565333400434
23NA,TIMA1464S,449.0820560891496
23NC,TIMA1464S,527.7859907063141
23MC,TIMA1464S,492.8817906507527
23NC,TIMA34128,358.3856841087137
23MC,TIMA34128,229.76102978835343
23NC,TIMA34128S,358.4048825257672
23MC,TIMA34128S,230.75356091556276
23MA,TIMA54128,147.7505056400005
23NC,TIMA54128,298.6516567434105
23MC,TIMA54128,173.293776463995
23MA,TIMA54128W,146.9641003327578
23NC,TIMA54128W,298.01991295087026
23MC,TIMA54128W,172.60016305712657
23MD,TIMG990,382.3205096168672
23NB,XIA12LITEGR,227.65040907185278
23NA,XIA12LITEGR,71.11514019331514
23NA,XIA13T8256,376.9544178040857
23NC,XIA13T8256,539.707697639309
23NA,XIA13T8256G,37.446397957920794
23NC,XIA13T8256G,128.2468664053398
23NA,XIA13TPRO12512B,0.0
23NB,XIAREDMI128256B,761.5477619782259
23MA,XIAREDMI128256B,578.3748183628721
23NA,XIAREDMI128256B,509.5161516411132
23NC,XIAREDMI128256B,733.4093207901005
23MC,XIAREDMI128256B,588.1543627629545
23NB,XIAREDMI128256S,590.7429919883028
23MA,XIAREDMI128256S,451.15422908238315
23NA,XIAREDMI128256S,471.32750441533113
23NC,XIAREDMI128256S,452.3793495667674
23MC,XIAREDMI128256S,566.6665529007555
23NB,XIAREDMI12C128,923.2260315573786
23NA,XIAREDMI12C128,837.4944356946094
23NC,XIAREDMI12C128,1071.3775498974287
23MC,XIAREDMI12C128,1120.6636259210113
23MA,XIAREDMI12CB,266.5602173573785
23MA,XIAREDMI12CGR,343.3261365551158
23NC,XIAREDMI13C128,300.3901991500205
23NC,XIAREDMI13C128G,109.05509827288739
23NC,XIAREDMI13C128W,109.05509827288739
23MB,XIAREDMIA264,1331.2530586329117
23NB,XIAREDMIA264,1562.0794225507007
23MD,XIAREDMIA2B,362.4144281161138
23NC,XIAREDMIA2B,458.4733749878304
23NB,XIAREDMINOTE11PRO+,522.1647174028534
23NB,XIAREDMINOTE11PRO+G,245.9022662981188
23MD,XIAREDMINOTE11S,515.8031227105988
23MB,XIAREDMINOTE12256GOL,15.62606276101684
23NB,XIAREDMINOTE12256GOL,172.15106394712552
23MD,XIAREDMINOTE12PRO,519.2592920020991
23NB,XIAREDMINOTE12PRO,634.2436365371325
23NC,XIAREDMINOTE12PRO,561.9511798209242
23MB,XIAREDMINOTE12PRO+,729.192296555585
23MD,XIAREDMINOTE12PRO+,734.6396177387328
23NB,XIAREDMINOTE12PRO+,757.1760028965789
23MA,XIAREDMINOTE12PRO+,597.9467065947625
23NC,XIAREDMINOTE12PRO+,668.5809287252553
23MB,XIAREDMINOTE12PRO4G,869.0425819586355
23MD,XIAREDMINOTE12PRO4G,805.4341824542369
23NB,XIAREDMINOTE12PRO4G,833.6517320632158
23NC,XIAREDMINOTE12PRO4G,748.1683275222533
23MB,XIAREDMINOTE12PRO4GB,207.26446695771006
23MD,XIAREDMINOTE12PRO4GB,209.64699482526072
23NB,XIAREDMINOTE12PRO4GB,283.7623369685634
23NC,XIAREDMINOTE12PRO4GB,221.3930122797286
23MB,XIAREDMINOTE12PRO4GS,0.0
23MD,XIAREDMINOTE12PRO4GS,6.218567058708288
23NC,XIAREDMINOTE12PRO4GS,82.39501702459927
23NA,XIARENOTE12PRO256B,268.5364927216075
23NC,XIARENOTE12PRO256B,323.14830081726853
23MC,XIARENOTE12PRO256B,327.04924011442085
23NA,XIARENOTE12PRO256GR,0.0
23NC,XIARENOTE12PRO256GR,64.11315166481393
23MC,XIARENOTE12PRO256GR,0.0
23NA,XIARENOTE12PRO256W,0.0
23NC,XIARENOTE12PRO256W,64.11315166481393
23MC,XIARENOTE12PRO256W,0.0
23MB,ACEA31524PR2KM,434.46478271484375
23NB,ACEA5155758Y8,493.2444152832031
23NA,ACEA5155758Y8,532.5532836914062
23MA,ACECB3153HC322,329.5958251953125
23NB,ACESF31443R90U,264.9114990234375
23NC,ACESF31443R90U,251.74497985839844
23MC,ACESF31443R90U,340.8110046386719
23MA,APLMLXY3TA,31.085161209106445
23NA,APLMLXY3TA,36.711219787597656
23NC,APLMLXY3TA,34.44618225097656
23MC,APLMLXY3TA,27.25071144104004
23NA,APLMLY33TA,45.748817443847656
23NC,APLMLY33TA,48.613067626953125
23MC,APLMLY33TA,48.95724868774414
23MA,APLMNEH3TA,47.95716094970703
23MC,APLMQKP3TA,37.1678581237793
23MC,APLMQKW3TA,22.234895706176758
23MA,ASUE510MAEJ949WS,223.86285400390625
23NA,ASUE510MAEJ949WS,319.4925231933594
23MA,ASUF1504ZANJ165W,460.0776062011719
23NB,ASUF1605ZAMB428W,438.73553466796875
23NB,ASUF515EAEJ1564W,481.17437744140625
23MA,ASUFX506HCHN057W,232.2784881591797
23NA,ASUFX507ZC4HN057W,347.7707824707031
23MC,ASUFX507ZC4HN057W,294.468017578125
23MC,ASUK3502ZABQ085W,310.2978210449219
23NB,ASUK3605ZUMB098W,67.00580596923828
23NC,ASUK3605ZUMB098W,78.95951843261719
23MD,ASUM1605YAMB274W,427.50823974609375
23NC,ASUM1605YAMB274W,335.6177978515625
23MC,ASUM1605YAMB274W,589.792236328125
23MC,ASUUX3402ZAKN278W,161.7898406982422
23MD,HEW14ANA0073NL,273.491943359375
23NC,HEW14EH1014NL,256.7873840332031
23NC,HEW15ANB0011NL,616.7288208007812
23MA,HEW15FD0043NL,222.59552001953125
23NA,HEW15FD0043NL,200.703125
23MA,HEW15SEQ2092NL,428.7715148925781
23NA,HEW15SEQ2092NL,347.3941955566406
23MB,HEW15SFQ5028NL,246.45899963378906
23MD,HEW15SFQ5028NL,289.1911926269531
23MB,HEW15SFQ5040NL,821.4823608398438
23NC,HEW15SFQ5040NL,604.352294921875
23MB,HEW16R0018NL,34.59967803955078
23NA,HEW16R0018NL,39.37822723388672
23NC,HEW16R0018NL,91.4515609741211
23MC,HEW17CN2004NL,170.12742614746094
23MB,LNV82H803BQIX,472.7859802246094
23MD,LNV82H803BQIX,488.7307434082031
23NB,LNV82N4002NIX,389.36309814453125
23MB,LNV82SA00EKIX,179.4021759033203
23MC,LNV82XJ0028IX,381.22161865234375
23NA,LNV82XM0058IX,302.4990234375
23MC,LNV82XQ004JIX,425.26739501953125
23NC,LNV82XQ004KIX,405.39306640625
23NB,LNV82Y7005HIX,177.14093017578125
23MB,LNV83ER003KIX,493.5018615722656
23MD,LNV82RK00P6IX,594.2756958007812
23NB,LNV82RK00P6IX,583.4412231445312
23NC,LNV82RK00XWIX,650.3104248046875
23MA,LNV82X7005WIX,308.7999267578125
23MA,LNV82XB001CIX,415.161865234375
23NA,LNV82XB001CIX,377.57568359375
23MC,LNV82XQ004GIX,606.6300048828125
23NC,LNV82XV007TIX,63.93598556518555
23NB,LNV82XV00JYIX,71.82939910888672
23MA,LNV82XV00JYIX,87.71722412109375
23MD,MSI15A13VE602IT,150.4247589111328
23MC,HEW14DY0010NL,222.317626953125
23NB,HEW15SEQ1063NL,499.1183166503906
23MB,HEW15SFQ5009NL,213.61415100097656
23MD,HEW15SFQ5039NL,774.0662841796875
23MD,HEW15SFQ5046NL,441.9262390136719
23MC,HEW15SFQ5046NL,418.2320556640625
23MC,HEW15SFQ5053NL,433.9950866699219
23MB,HEW16R0010NL,54.64488983154297
23NA,HEW16R0010NL,72.04946899414062
23NC,HEW16R0010NL,110.27507019042969
23MD,MIFQEZ00004,76.86563110351562
23MB,MSI15A13VE603IT,57.7979621887207
23MC,MSI15A13VF601IT,50.618202209472656
23NC,SAMNP730QFGKA3IT,321.2664794921875
23NA,SAMNP750XFGKA5IT,208.11729431152344
23NA,ACEA3155851RV,406.0163269042969
23MD,ACEA3155879TU,423.3249206542969
23MA,ACEA3155879TU,323.2869567871094
23MA,ACEANV155154ZC,85.0122299194336
23NC,ACEANV155154ZC,90.87335968017578
23MC,ACEANV155154ZC,69.33316040039062
23NC,ACESFG1471T70HC,91.01282501220703
23MB,APLMGN63TA,453.36322021484375
23MD,APLMGN63TA,472.41302490234375
23NB,APLMGN63TA,485.9751892089844
23NC,APLMGN63TA,300.150390625
23MB,APLMGN93TA,292.62481689453125
23MD,APLMGN93TA,356.9057312011719
23NB,APLMGN93TA,300.1295471191406
23NC,APLMGN93TA,218.7342987060547
23MA,APLMLXW3TA,207.6718292236328
23NA,APLMLXW3TA,228.32833862304688
23NC,APLMLXW3TA,209.5402374267578
23MC,APLMLXW3TA,299.2827453613281
23MA,APLMLY13TA,30.138246536254883
23NA,APLMLY13TA,36.7470703125
23NC,APLMLY13TA,35.171836853027344
23MC,APLMLY13TA,27.65283966064453
23MA,APLMNEP3TA,28.73832130432129
23MC,APLMQKR3TA,22.545494079589844
23MC,APLMQKU3TA,21.4272518157959
23MB,ASUCX1400CKAEK0155,223.03814697265625
23NC,ASUCX1400CKAEK0155,272.76123046875
23MB,ASUF1504ZANJ167W,647.8683471679688
23NA,ASUF1504ZANJ167W,448.304443359375
23NC,ASUF1504ZANJ167W,467.29010009765625
23MD,ASUFA507NVLP023W,104.99396514892578
23MA,ASUFA507NVLP023W,117.88357543945312
23NB,ASUFX507ZV4LP047W,145.97018432617188
23NC,ASUFX507ZV4LP047W,166.82203674316406
23MD,ASUM6500QCHN063W,179.6290283203125
23MD,ASUX515EABR4307W,639.0733032226562
23MA,AEGL6FBI48W,143.78666666666666
23MB,AEGLR7G86CW,120.31333333333333
23NC,ARNNDB9636DAIT,121.40333333333334
23MC,ARNNDB9636DAIT,129.72666666666666
23MC,ARNNG846WMAITN,366.74666666666667
23MC,ARNRSSG725DIT,251.68
23NB,ARNWMTF624UIT,166.71333333333334
23NA,ARNWMTG625BSIT,161.72
23NA,BKOUWR82A2I,337.0233333333333
23MA,BOHWAN24008II,85.30666666666667
23MA,BOHWGG14407IT,247.32333333333332
23MA,CANCSTG27TMV5111,65.91333333333333
23MC,CANRO496DWM71S,344.35333333333335
23NC,CANRO6106DWMC71S,101.63
23NA,GOLF4R3009NSWW,242.13
23NC,GOLF4R3009NSWW,245.37
23MD,HAIHW120B14979S8U1,155.26666666666668
23MB,HAIHWD120B14979S,175.75666666666666
23NA,HAIHWD120B14979S,171.84666666666666
23NC,HAIHWD80B14979,169.69
23NB,HISWDQA9014EVJM,83.2
23NB,HISWFQA8014EVJM,374.43333333333334
23NB,HISWFQA9014EVJM,246.61666666666667
23NB,HISWFQP7012EVM,329.7133333333333
23MA,HOOH3WPS6106TAMBS,212.24333333333334
23NA,HOOH3WS492DA411,361.56666666666666
23NB,HOOHLPS4137TAMBE11,350.8066666666667
23MB,HOOHPS484DAMB7111,267.23333333333335
23MB,HOOHPS494DAMB7111,313.31333333333333
23MB,HOOHPS5104DAMB711,145.34666666666666
23MB,INDEWDE861483WITN,143.24
23MA,REXEW2F5W82,338.6533333333333
23NA,REXEW6F494U,171.61
23MC,REXEW6F594U,342.39
23MA,SAMWD90TA046BE,47.70333333333333
23MD,SAMWW11BGA046ATET,212.34666666666666
23NA,SAMWW90T534DAE,201.84666666666666
23MC,SAMWW90T734DWH,133.06
23MD,WHIFFB1046SVIT,146.91
23MB,WHIFFB8258SVIT,328.12
23NB,WHIFFB846SVIT,336.05333333333334
23MB,WHITDLR6240SIT,219.28333333333333
23MD,WHITDLR6251BSIT,162.11666666666667
23MB,WHIW7XW845WRIT,121.74666666666667
23NC,WHIW7XW845WRIT,194.27
23NA,ARNAQD1072D697EUAN,97.45666666666666
23MA,ARNH8W946WBIT,99.07
23MB,ARNKITNF825NTM118,56.53333333333333
23NC,ARNNBT946WMAIT,274.26
23NA,ARNNF95WITN,290.12666666666667
23MD,ARNNFR527WIT,352.47333333333336
23MB,BOHWAN28209II,87.45
23MD,BOHWAN28209II,95.42333333333333
23MD,CANCSS41272DWSE11,386.78333333333336
23NC,CANCSS41272DWSE11,345.6566666666667
23MB,CANCSS4127TWME111,329.1666666666667
23MC,CANHCU1410TXME1S,274.6
23MD,CANHE128TXME1S,287.5
23NB,CANHE129TXME1S,393.7633333333333
23NA,CANHE4127TXME1S,322.7133333333333
23MA,CANRO4476DWMC71S,119.25666666666666
23MD,CANROW4964DWMST1S,92.05
23NB,GOLF4R3010NSWB,296.46666666666664
23NC,GOLF4R3010NSWB,215.19
23NC,GOLF4R3011NSWB,163.18
23MA,HAIHW100B1439N,125.19666666666667
23MC,HAIHW100B14959U1,247.47333333333333
23NA,HAIHW100B14979,187.48
23MA,HAIHW110B14979EU1IT,75.83
23MA,HAIHW80B14979TU1,105.65333333333334
23NA,HAIHW80B14979TU1,139.14333333333335
23MB,HAIHW90B14979TU1,126.55
23MA,HISWDQA1014EVJM,67.34
23MB,HISWFQA1014EVJM,95.02333333333333
23MC,HOOH7D4128MBCS,58.556666666666665
23NA,HOOH7W448MBCS,190.99333333333334
23NC,HOOHPS4374DAMB711,142.32666666666665
23MC,HOOHPS4374DAMR11,302.53333333333336
23MA,HOOHWPS4954DAMR11,124.25333333333333
23MC,IGNIG71285IT,475.12333333333333
23MC,IGNIGTL604UIT,170.19666666666666
23NC,INDBTWS6251PIT,207.63
23MA,INDBWA81285XWIT,317.78
23NC,INDBWA81285XWIT,430.84
23MC,INDBWE81486XWSIT,377.12333333333333
23NA,INDMTWA81285WIT,430.31333333333333
23MB,INDMTWA91285WIT,370.31
23MB,REXEW6F314N,266.1533333333333
23NB,REXEW6F314N,238.05
23MC,REXEW6S570I,262.37333333333333
23NB,SAMWW11BB504DAES3,305.1333333333333
23MC,SAMWW11BB504DAES3,300.32666666666665
23MB,SAMWW11BB534DAES3,285.03333333333336
23MB,SAMWW80CGC04DAEET,189.67
23MA,SAMWW80CGC04DAEET,169.22
23MD,SAMWW90CGC04DAEET,392.00666666666666
23NC,SAMWW90T554DAES3,249.41333333333333
23MD,WHIFFB9258CVIT,291.25
23MC,WHIFFB946SVIT,290.3233333333333
23MC,WHIFFWDD107436BSVIT,71.03666666666666
23MC,WHIW8W046WRIT,81.48333333333333
23MC,WHIWSB624SIT,251.92333333333335
23MA,WHIWSB725DIT,251.28333333333333
23MA,AMFACTIVEB,45.74858093261719
23NA,AMFACTIVEB,308.4718322753906
23MA,AMFACTIVEP,28.29862403869629
23NA,AMFACTIVEP,244.10366821289062
23NC,AMFBAND7,215.66529846191406
23NC,AMFBAND7W,213.26959228515625
23MC,AMFBIP3P,221.82066345214844
23NA,AMFBIP5,96.07025909423828
23NA,AMFBIP5W,57.20347213745117
23NC,AMFGTR3PRO,175.7347869873047
23MC,AMFGTR3PRO,120.67771911621094
23NC,AMFGTR3PROBROWN,19.99883270263672
23MC,AMFGTR3PROBROWN,22.341114044189453
23MD,AMFGTRMINIPINK,20.10407066345215
23NB,AMFGTRMINIPINK,67.92431640625
23MC,AMFGTRMINIPINK,25.2054443359375
23MB,AMFGTS2MINIGR,428.7287292480469
23MD,AMFGTS2MINIGR,355.5133056640625
23MB,AMFGTS2MINIMATBLK,566.13525390625
23MD,AMFGTS2MINIMATBLK,465.6284484863281
23MB,AMFGTS3TERRAROSA,62.65335464477539
23MD,AMFGTS4AB,20.852388381958008
23NB,AMFGTS4AB,31.034427642822266
23NC,AMFGTS4MINI,201.42141723632812
23NC,AMFGTS4MINIP,174.95529174804688
23NC,AMFGTS4MINIW,178.8206024169922
23MD,AMFGTS4P,57.46596145629883
23NB,AMFGTS4P,81.5262451171875
23MB,APLWATCH941MMSBML,34.26327896118164
23MD,APLWATCH941MMSBML,33.13230514526367
23NB,APLWATCH941MMSBML,122.45331573486328
23MB,APLWATCH941MMSBSM,139.44882202148438
23MD,APLWATCH941MMSBSM,112.93498992919922
23NB,APLWATCH941MMSBSM,302.9150085449219
23MB,APLWATCH941PLPSL,12.966317176818848
23MD,APLWATCH941PLPSL,11.643349647521973
23NB,APLWATCH941PLPSL,22.89760398864746
23MB,APLWATCH941SSSL,11.26737117767334
23MD,APLWATCH941SSSL,11.481107711791992
23NB,APLWATCH941SSSL,23.753398895263672
23MB,APLWATCH941SWBSL,12.208537101745605
23MD,APLWATCH941SWBSL,15.243640899658203
23NB,APLWATCH941SWBSL,19.875017166137695
23MB,APLWATCH945MMSL,82.92965698242188
23MD,APLWATCH945MMSL,80.32270050048828
23NB,APLWATCH945MMSL,137.5116424560547
23MB,APLWATCH945PLPSBML,14.945913314819336
23MD,APLWATCH945PLPSBML,15.634154319763184
23NB,APLWATCH945PLPSBML,24.561063766479492
23MB,APLWATCH945PLPSBSM,10.08028793334961
23MD,APLWATCH945PLPSBSM,11.185776710510254
23NB,APLWATCH945PLPSBSM,19.588237762451172
23MB,APLWATCH945REDREDML,14.09223747253418
23MD,APLWATCH945REDREDML,14.134797096252441
23NB,APLWATCH945REDREDML,21.181432723999023
23MB,APLWATCH945REDREDSM,10.34827995300293
23MD,APLWATCH945REDREDSM,11.407397270202637
23NB,APLWATCH945REDREDSM,19.88580894470215
23MB,APLWATCH945SSBSBML,28.92429542541504
23MD,APLWATCH945SSBSBML,22.479286193847656
23NB,APLWATCH945SSBSBML,138.87350463867188
23MB,APLWATCH945SSBSBSM,11.736015319824219
23MD,APLWATCH945SSBSBSM,16.86688232421875
23NB,APLWATCH945SSBSBSM,27.158775329589844
23MB,APLWATCH945SSSBML,13.331852912902832
23MD,APLWATCH945SSSBML,13.976244926452637
23NB,APLWATCH945SSSBML,30.654329299926758
23MB,APLWATCH945SSSBSM,12.438880920410156
23MD,APLWATCH945SSSBSM,13.473099708557129
23NB,APLWATCH945SSSBSM,28.748851776123047
23NA,APLWATCHSE40MMSL,61.190635681152344
23NC,APLWATCHSE40MMSL,68.15650939941406
23MC,APLWATCHSE40MMSL,27.625812530517578
23NA,APLWATCHSE40SSBSBML,25.54558753967285
23NC,APLWATCHSE40SSBSBML,16.81725311279297
23MC,APLWATCHSE40SSBSBML,15.940258026123047
23NA,APLWATCHSE40SSBSBSM,33.55878448486328
23NC,APLWATCHSE40SSBSBSM,37.46760940551758
23MC,APLWATCHSE40SSBSBSM,14.054099082946777
23NA,APLWATCHSE40SSSBML,48.86064147949219
23NC,APLWATCHSE40SSSBML,74.64908599853516
23MC,APLWATCHSE40SSSBML,17.393924713134766
23NA,APLWATCHSE40SSSBSM,329.8998107910156
23NC,APLWATCHSE40SSSBSM,728.8906860351562
23MC,APLWATCHSE40SSSBSM,102.05369567871094
23NA,APLWATCHSE44MMSBML,358.35455322265625
23NC,APLWATCHSE44MMSBML,498.3939208984375
23MC,APLWATCHSE44MMSBML,154.00347900390625
23NA,APLWATCHSE44MMSBSM,144.4279327392578
23NC,APLWATCHSE44MMSBSM,106.67310333251953
23MC,APLWATCHSE44MMSBSM,47.68597412109375
23NA,APLWATCHSE44SSSL,23.905221939086914
23NC,APLWATCHSE44SSSL,25.72381019592285
23MC,APLWATCHSE44SSSL,12.11480712890625
23NA,APLWATCHSE44SWBSL,23.176237106323242
23NC,APLWATCHSE44SWBSL,23.103689193725586
23MC,APLWATCHSE44SWBSL,14.524686813354492
23NC,FITVERSA3,147.86834716796875
23NC,FITVERSA3B,25.394521713256836
23NC,FITVERSA3P,94.00808715820312
23NC,GARFORERUNNER255BLP,11.098505973815918
23NC,GARFORERUNNER255BTB,2.592726230621338
23MC,GARFORERUNNER45W,49.44179916381836
23NC,GARVENU2PLUSGRAY,8.632980346679688
23NC,GARVENU2PLUSIVORY,10.106847763061523
23MD,GARVENUSQ2WHITE,8.394051551818848
23NB,GARVENUSQ2WHITE,15.126287460327148
23NC,GARVENUSQ2WHITE,11.169659614562988
23MB,GARVENUSQL,31.2014217376709
23NA,GARVENUSQL,81.94984436035156
23MC,GARVENUSQL,20.892528533935547
23NA,GARVENUSQMUSIP,59.21686935424805
23NC,GARVENUSQMUSIP,42.503196716308594
23MC,GARVENUSQMUSIP,40.003318786621094
23NC,GARVIVOACTIVE5BS,47.706844329833984
23NC,GARVIVOACTIVE5ICG,2.7650394439697266
23NB,GGOPIXELWATCH2GH,137.06173706054688
23NA,GGOPIXELWATCH2GH,61.3481559753418
23NB,GGOPIXELWATCH2OB,400.7479248046875
23NA,GGOPIXELWATCH2OB,345.7294006347656
23MB,RMIBHR7266GL,516.0905151367188
23NA,RMIBHR7266GL,1020.6025390625
23NC,RMIBHR7266GL,950.0585327148438
23MA,RMISMARTBAND2,499.8843688964844
23NA,RMISMARTBAND2,1009.0946655273438
23MD,RMIWATCH2LITE,353.1018981933594
23NC,RMIWATCH2LITE,762.455322265625
23MD,RMIWATCH2LITEBLUE,479.06988525390625
23NC,RMIWATCH2LITEBLUE,1094.84375
23MD,RMIWATCH2LITEIVORY,96.52222442626953
23NC,RMIWATCH2LITEIVORY,221.60537719726562
23NB,SAMR890SILVER,6.563277244567871
23MC,SAMR890SILVER,4.241286754608154
23NB,SAMR920NZTAITV,217.27590942382812
23MC,SAMR920NZTAITV,73.36673736572266
23MB,SAMR930NZEAITV,43.37318420410156
23MA,SAMR930NZEAITV,87.66234588623047
23NA,SAMR930NZEAITV,178.93072509765625
23MB,SAMR950NZSAITV,30.09621810913086
23MD,SAMR960NZKAITV,143.9174041748047
23MA,SAMR960NZKAITV,159.56797790527344
23NC,SAMR960NZKAITV,313.2096252441406
23NB,XIABAND8G,666.0428466796875
23MC,XIABAND8G,298.2868347167969
23MA,XIAMIWATCH,400.4236755371094
23NB,XIAMIWATCH3,682.4468383789062
23MC,XIAMIWATCH3,227.1156768798828
23NB,XIAMIWATCH3BEIGE,130.10096740722656
23MC,XIAMIWATCH3BEIGE,61.79514694213867
23MD,XIASMARTBAND8AP,189.75535583496094
23NA,XIASMARTBAND8AP,319.5137634277344
23NC,XIASMARTBAND8AP,543.1694946289062
23NA,XIAWATCH2PROBT,13.085519790649414
23NC,XIAWATCH2PROBT,26.29067611694336
23MB,XIAWATCHS1ABK,391.6242370605469
23NB,XIAWATCHS1ABK,231.70144653320312
23NA,XIAWATCHS1ABK,282.58734130859375
23NC,XIAWATCHS1ABK,229.645751953125
23MB,XIAWATCHS1AWH,74.55641174316406
23NB,XIAWATCHS1AWH,141.45870971679688
23NA,XIAWATCHS1AWH,145.73573303222656
23NC,XIAWATCHS1AWH,143.88302612304688
23NC,AMFBAND7P,157.87637329101562
23MC,AMFBIP3,395.0279846191406
23MC,AMFBIP3B,162.91656494140625
23MA,AMFGTR3,86.52117919921875
23MA,AMFGTR3GREY,19.478574752807617
23MD,AMFGTRMINIBLACK,44.169586181640625
23NB,AMFGTRMINIBLACK,81.12177276611328
23MC,AMFGTRMINIBLACK,44.65273666381836
23MD,AMFGTRMINIBLUE,11.805110931396484
23NB,AMFGTRMINIBLUE,38.71525192260742
23MC,AMFGTRMINIBLUE,14.782597541809082
23MB,AMFGTS2MINI,53.67381286621094
23MB,AMFGTS2MINIP,91.13436889648438
23MD,AMFGTS2MINIP,54.880638122558594
23MB,AMFGTS3,128.4888916015625
23MB,AMFGTS3WHITE,94.2349624633789
23MD,AMFGTS4,100.83136749267578
23NB,AMFGTS4,143.0982666015625
23NC,AMFGTS4MINIB,209.37486267089844
23MD,AMFGTS4W,54.929893493652344
23NB,AMFGTS4W,108.17890167236328
23MA,APLSE40MIDALMIDSP,467.8381652832031
23NA,APLSE40MIDALMIDSP,873.40185546875
23MA,APLSE40SILALWTSP,87.67041015625
23NA,APLSE40SILALWTSP,155.1403350830078
23MA,APLSE40STARALSTSP,491.8382873535156
23NA,APLSE40STARALSTSP,927.6464233398438
23MA,APLSE44MIDALMIDSP,450.6645812988281
23NA,APLSE44MIDALMIDSP,841.135009765625
23MA,APLSE44SILALWTSP,98.93115234375
23NA,APLSE44SILALWTSP,168.54971313476562
23MA,APLSE44STARALSTSP,161.1221923828125
23NA,APLSE44STARALSTSP,254.2723388671875
23MB,APLWATCH941MMSL,24.256446838378906
23MD,APLWATCH941MMSL,24.725975036621094
23NB,APLWATCH941MMSL,72.8085708618164
23MB,APLWATCH941PLPSBML,11.341097831726074
23MD,APLWATCH941PLPSBML,11.554834365844727
23NB,APLWATCH941PLPSBML,23.18816375732422
23MB,APLWATCH941PLPSBSM,69.6529769897461
23MD,APLWATCH941PLPSBSM,51.60500717163086
23NB,APLWATCH941PLPSBSM,194.5119171142578
23MB,APLWATCH941REDREDML,12.710713386535645
23MD,APLWATCH941REDREDML,13.057805061340332
23NB,APLWATCH941REDREDML,21.496246337890625
23MB,APLWATCH941REDREDSM,8.812750816345215
23MD,APLWATCH941REDREDSM,9.589109420776367
23NB,APLWATCH941REDREDSM,19.819046020507812
23MB,APLWATCH941SSBSBML,11.547761917114258
23MD,APLWATCH941SSBSBML,11.643349647521973
23NB,APLWATCH941SSBSBML,19.819046020507812
23MB,APLWATCH941SSBSBSM,15.570412635803223
23MD,APLWATCH941SSBSBSM,16.934988021850586
23NB,APLWATCH941SSBSBSM,27.155750274658203
23MB,APLWATCH941SSSBML,12.966317176818848
23MD,APLWATCH941SSSBML,13.240609169006348
23NB,APLWATCH941SSSBML,24.1077938079834
23MB,APLWATCH941SSSBSM,19.488075256347656
23MD,APLWATCH941SSSBSM,24.03952980041504
23NB,APLWATCH941SSSBSM,174.30404663085938
23MB,APLWATCH945MMSBML,240.2952423095703
23MD,APLWATCH945MMSBML,237.01864624023438
23NB,APLWATCH945MMSBML,783.3040161132812
23MB,APLWATCH945MMSBSM,130.14462280273438
23MD,APLWATCH945MMSBSM,148.8470458984375
23NB,APLWATCH945MMSBSM,180.73606872558594
23MB,APLWATCH945PLPSL,14.09223747253418
23MD,APLWATCH945PLPSL,14.359845161437988
23NB,APLWATCH945PLPSL,18.749561309814453
23MB,APLWATCH945SSSL,10.478849411010742
23MD,APLWATCH945SSSL,10.960728645324707
23NB,APLWATCH945SSSL,18.873619079589844
23MB,APLWATCH945SWBSL,9.90161418914795
23MD,APLWATCH945SWBSL,11.22872257232666
23NB,APLWATCH945SWBSL,18.829784393310547
23NA,APLWATCHSE40MMSBML,65.61314392089844
23NC,APLWATCHSE40MMSBML,97.25469207763672
23MC,APLWATCHSE40MMSBML,40.047672271728516
23NA,APLWATCHSE40MMSBSM,346.4779357910156
23NC,APLWATCHSE40MMSBSM,311.84161376953125
23MC,APLWATCHSE40MMSBSM,94.05198669433594
23NA,APLWATCHSE40SSSL,45.926727294921875
23NC,APLWATCHSE40SSSL,79.70067596435547
23MC,APLWATCHSE40SSSL,21.42466163635254
23NA,APLWATCHSE40WBSL,25.210433959960938
23NC,APLWATCHSE40WBSL,13.210800170898438
23MC,APLWATCHSE40WBSL,12.030608177185059
23NA,APLWATCHSE44MMSL,128.7165069580078
23NC,APLWATCHSE44MMSL,159.46824645996094
23MC,APLWATCHSE44MMSL,47.432090759277344
23NA,APLWATCHSE44SSBSBML,24.018709182739258
23NC,APLWATCHSE44SSBSBML,54.450111389160156
23MC,APLWATCHSE44SSBSBML,12.11480712890625
23NA,APLWATCHSE44SSBSBSM,20.987375259399414
23NC,APLWATCHSE44SSBSBSM,21.09678840637207
23MC,APLWATCHSE44SSBSBSM,9.801979064941406
23NA,APLWATCHSE44SSSBML,24.64753532409668
23NC,APLWATCHSE44SSSBML,23.808176040649414
23MC,APLWATCHSE44SSSBML,13.14931583404541
23NA,APLWATCHSE44SSSBSM,26.3596134185791
23NC,APLWATCHSE44SSSBSM,21.336050033569336
23MC,APLWATCHSE44SSSBSM,11.34217357635498
23NC,GAREPIX2SLATE,21.396926879882812
23MD,GARFENIX7SILVER,17.58849334716797
23NB,GARFENIX7SILVER,12.778606414794922
23NC,GARFENIX7SILVER,9.867883682250977
23NC,GARFORERUNNER255BPG,10.755146980285645
23NC,GARFORERUNNER255BSG,6.999446392059326
23MC,GARFORERUNNER45,49.644683837890625
23MC,GARFORERUNNER45BSM,5.3109564781188965
23MC,GARFORERUNNER45IRIS,1.5653094053268433
23MA,GARINSTINCTSOLAR,279.61328125
23NA,GARINSTINCTSOLAR,305.2909851074219
23NC,GARINSTINCTSOLAR,174.54559326171875
23NC,GARVENU2PLUS,14.093002319335938
23MB,GARVENUSQ,68.23847198486328
23NA,GARVENUSQ,129.9222412109375
23MC,GARVENUSQ,46.18035888671875
23MD,GARVENUSQ2GRAY,42.02875900268555
23NB,GARVENUSQ2GRAY,64.97638702392578
23NC,GARVENUSQ2GRAY,71.52410888671875
23MD,GARVENUSQ2MINT,10.47767162322998
23NB,GARVENUSQ2MINT,16.52571678161621
23NC,GARVENUSQ2MINT,13.264650344848633
23MD,GARVENUSQ2MUSIC,25.556209564208984
23NB,GARVENUSQ2MUSIC,29.683385848999023
23NC,GARVENUSQ2MUSIC,29.11396026611328
23NA,GARVENUSQMUSIC,76.75125885009766
23NC,GARVENUSQMUSIC,69.37907409667969
23MC,GARVENUSQMUSIC,63.618629455566406
23NA,GARVENUSQMUSICMS,16.643129348754883
23NC,GARVENUSQMUSICMS,13.824230194091797
23MC,GARVENUSQMUSICMS,7.902804851531982
23NA,GARVENUSQNAVY,19.84674644470215
23MC,GARVENUSQNAVY,8.382551193237305
23MB,GARVENUSQW,34.71295928955078
23NA,GARVENUSQW,120.50935363769531
23MC,GARVENUSQW,29.543041229248047
23NC,GARVIVOACTIVE5CBBM,3.8743789196014404
23NC,GARVIVOACTIVE5OOM,7.9436469078063965
23NB,GGOPIXELWATCH2SP,121.96697998046875
23NA,GGOPIXELWATCH2SP,165.32119750976562
23NB,GGOPIXELWATCH2SS,126.3810043334961
23NA,GGOPIXELWATCH2SS,109.57257843017578
23MB,RMIBHR7272GL,245.06182861328125
23NA,RMIBHR7272GL,291.36639404296875
23NC,RMIBHR7272GL,482.8784484863281
23MA,RMISMARTBAND2W,434.5899963378906
23NA,RMISMARTBAND2W,939.7703247070312
23MD,SAMR860,783.1257934570312
23NC,SAMR860,1024.2203369140625
23MD,SAMR860GOLD,750.2872924804688
23NC,SAMR860GOLD,1063.2974853515625
23NB,SAMR890,343.32659912109375
23MC,SAMR890,10.38962459564209
23NA,SAMR910NZAAITV,669.4461669921875
23NA,SAMR910NZBAITV,226.42237854003906
23NA,SAMR910NZSAITV,10.117216110229492
23NB,SAMR920NZKAITV,353.9520568847656
23MC,SAMR920NZKAITV,181.2279815673828
23MB,SAMR930NZKAITV,118.6597671508789
23MA,SAMR930NZKAITV,129.7528076171875
23NA,SAMR930NZKAITV,287.73675537109375
23MB,SAMR950NZKAITV,53.90927505493164
23MD,SAMR960NZSAITV,65.9518814086914
23MA,SAMR960NZSAITV,63.07509231567383
23NC,SAMR960NZSAITV,184.24124145507812
23NB,XIABAND8,1539.3837890625
23MC,XIABAND8,433.4198913574219
23MD,XIASMARTBAND8AB,386.1074523925781
23NA,XIASMARTBAND8AB,301.73626708984375
23NC,XIASMARTBAND8AB,670.9141845703125
23NA,XIAWATCH2PROBTS,9.02634334564209
23NC,XIAWATCH2PROBTS,8.422259330749512
23MB,XIAWATCHS1ABL,235.88450622558594
23NB,XIAWATCHS1ABL,414.55645751953125
23NA,XIAWATCHS1ABL,378.54205322265625
23NC,XIAWATCHS1ABL,538.4068603515625
23MD,XIAWATCHS1BK,121.89923858642578
23MD,XIAWATCHS1SL,64.83563995361328
23MD,GOL43QNED756,215.09156799316406
23MB,GOL55C34,116.49596405029297
23NB,GOL55NANO756Q,277.3306884765625
23MB,GOL65B36,73.88290405273438
23MB,GOL65QNED756,104.7962646484375
23NB,GOL65QNED756,86.84590911865234
23NB,GOL75QNED916Q,74.16035461425781
23MD,GOL75UR81006,126.41204833984375
23MB,GOL77C34,66.5616683959961
23MB,HIS43E7KQ,355.58233642578125
23MD,HIS43E7KQ,411.92767333984375
23NB,HIS43E7KQ,378.7724914550781
23MC,JVCLT40VAF335I,451.5000305175781
23MD,JVCLT43VA3215I,359.6932678222656
23MD,JVCLT55VA3305I,321.4002685546875
23MC,PANTX50MX600E,137.12611389160156
23MB,SABSA32S78GTV,1622.131591796875
23NB,SABSA32S78GTV,1211.968017578125
23NB,SAMQE43Q60CA,266.05413818359375
23MB,SAMQE50Q60CA,385.5967102050781
23NB,SAMQE50Q80CA,171.92947387695312
23MC,SAMQE50Q80CA,150.89508056640625
23NB,SAMQE55Q70CA,180.819580078125
23MB,SAMQE65QN85C,94.30561828613281
23NB,SAMQE65S90CA,65.71851348876953
23MC,SAMQE75Q60CA,83.6841812133789
23MC,SAMUE32T4300AE,704.3295288085938
23MD,SAMUE32T5372,406.56842041015625
23MB,SAMUE43CU8580,337.7496643066406
23MD,SAMUE50CU8580,210.33236694335938
23MC,SAMUE55CU7170,430.80413818359375
23MB,SONKD43X75WL,228.7538604736328
23MC,SONKD50X75WL,124.97814178466797
23MD,SONKD65X75WL,133.89752197265625
23MC,SONXR55A90J,78.20342254638672
23MC,TCL32S5200,893.4014892578125
23MD,TCL50P638,318.6764831542969
23NB,TCL50P638,331.5682373046875
23MB,TCL55P638,276.9618835449219
23MC,GOL43NANO756Q,142.3916015625
23MD,GOL48A26,374.8988037109375
23NB,GOL48A26,305.9908142089844
23MC,GOL55B36,141.72108459472656
23MD,GOL55G26,152.12831115722656
23MB,GOL55QNED756,126.8199462890625
23MC,GOL65C34,74.61200714111328
23MC,GOL65UR73006,103.85293579101562
23MB,HIS50A6K,323.697021484375
23NB,HIS55A6K,179.84243774414062
23NB,HIS75E7KQ,98.07199096679688
23MC,HIS75E7KQ,80.8412094116211
23MC,JVCLT40VAF325I,489.2467041015625
23NB,JVCLT43VA3205I,444.42095947265625
23MD,JVCLT43VA3305I,419.3323974609375
23NB,JVCLT43VA3305I,505.81439208984375
23MB,JVCLT65VA3205I,130.1540985107422
23MB,JVCLT65VA3305I,179.68551635742188
23NB,PANTX32MS350E,452.13134765625
23MB,PHI32PHS6808,1035.9881591796875
23MB,PHI50PUS8118,252.24066162109375
23NB,PHI50PUS8118,325.0167541503906
23MC,PHI55PML9008,91.34141540527344
23MD,PHIKIT50PUS8118ADB,248.30238342285156
23MD,SABSA40S78GTV,743.437744140625
23MC,SAMQE55Q60CA,182.1565399169922
23MB,SAMQE55QN700C,126.86639404296875
23MD,SAMQE55QN85C,147.9507293701172
23MD,SAMQE65Q70CA,151.9440155029297
23MD,SAMQE77S90CA,91.96794128417969
23MD,SAMUE32T5372CD,630.5147705078125
23MB,SAMUE75CU7170,185.5952911376953
23NB,SAMUE75CU7170,137.13699340820312
23MB,SONKD55X75WL,166.96348571777344
23MD,SONKD55X75WL,186.96412658691406
23NB,SONKD55X75WL,149.51466369628906
23MD,TCL65C649,147.79344177246094
23NB,TCL65C649,141.17579650878906
23NB,TCL98P749,62.21567153930664
23MC,TCL98P749,60.83060073852539
23MC,TKO43QA11,255.69345092773438
